file,method,channels,num_channels,subband,f_score,p_score,cmlc,cmlt,amlc,amlt
../datasets/candombe/csic.1995_ansina2_02,spectrogram,"[0, 4, 8]",2,0,0.9093525179856116,0.9813486370157819,0.09612625538020086,0.9440459110473458,0.09612625538020086,0.9440459110473458
../datasets/candombe/csic.1995_ansina2_02,spectrogram,"[0, 4, 8]",2,1,0.0,0.2467718794835007,0.0,0.0,0.985632183908046,0.985632183908046
../datasets/candombe/csic.1995_ansina2_02,spectrogram,"[0, 6, 16]",2,0,0.6570605187319885,0.4935437589670014,0.0,0.0,0.9856733524355301,0.9856733524355301
../datasets/candombe/csic.1995_ansina2_02,spectrogram,"[0, 6, 16]",2,1,0.0,0.20086083213773315,0.0,0.0,0.985632183908046,0.985632183908046
../datasets/candombe/csic.1995_ansina2_02,spectrogram,"[0, 8, 16]",2,0,0.0,0.24820659971305595,0.0,0.0,0.985632183908046,0.985632183908046
../datasets/candombe/csic.1995_ansina2_02,spectrogram,"[0, 8, 16]",2,1,0.2741702741702742,0.4748923959827834,0.07747489239598278,0.266857962697274,0.07747489239598278,0.266857962697274
../datasets/candombe/csic.1995_ansina2_02,melspectrogram,"[0, 4, 8]",2,0,0.9741750358680057,0.9913916786226685,0.3500717360114778,0.9799139167862266,0.3500717360114778,0.9799139167862266
../datasets/candombe/csic.1995_ansina2_02,melspectrogram,"[0, 4, 8]",2,1,0.6545454545454545,0.49067431850789095,0.0,0.0,0.9742120343839542,0.9742120343839542
../datasets/candombe/csic.1995_ansina2_02,melspectrogram,"[0, 6, 16]",2,0,0.655831739961759,0.4921090387374462,0.0,0.0,0.9770773638968482,0.9770773638968482
../datasets/candombe/csic.1995_ansina2_02,melspectrogram,"[0, 6, 16]",2,1,0.41893830703012913,0.4763271162123386,0.13629842180774748,0.4117647058823529,0.13629842180774748,0.4117647058823529
../datasets/candombe/csic.1995_ansina2_02,melspectrogram,"[0, 8, 16]",2,0,0.655831739961759,0.4921090387374462,0.0,0.0,0.9770773638968482,0.9770773638968482
../datasets/candombe/csic.1995_ansina2_02,melspectrogram,"[0, 8, 16]",2,1,0.2467718794835007,0.33715925394548063,0.06456241032998565,0.23959827833572453,0.06456241032998565,0.23959827833572453
../datasets/candombe/proyecto.1992_pelado_01,spectrogram,"[0, 4, 8]",2,0,0.953464322647363,0.954639175257732,0.19381443298969073,0.9422680412371134,0.19381443298969073,0.9422680412371134
../datasets/candombe/proyecto.1992_pelado_01,spectrogram,"[0, 4, 8]",2,1,0.2792899408284024,0.3463917525773196,0.002061855670103093,0.004123711340206186,0.004132231404958678,0.006198347107438017
../datasets/candombe/proyecto.1992_pelado_01,spectrogram,"[0, 6, 16]",2,0,0.2850412249705536,0.35876288659793815,0.002061855670103093,0.004123711340206186,0.004132231404958678,0.008264462809917356
../datasets/candombe/proyecto.1992_pelado_01,spectrogram,"[0, 6, 16]",2,1,0.28773584905660377,0.30515463917525776,0.006185567010309278,0.01443298969072165,0.006185567010309278,0.01443298969072165
../datasets/candombe/proyecto.1992_pelado_01,spectrogram,"[0, 8, 16]",2,0,0.2792899408284024,0.3463917525773196,0.002061855670103093,0.004123711340206186,0.004132231404958678,0.006198347107438017
../datasets/candombe/proyecto.1992_pelado_01,spectrogram,"[0, 8, 16]",2,1,0.09297520661157024,0.15463917525773196,0.03917525773195876,0.08453608247422681,0.03917525773195876,0.08453608247422681
../datasets/candombe/proyecto.1992_pelado_01,melspectrogram,"[0, 4, 8]",2,0,0.2870588235294118,0.27628865979381445,0.002061855670103093,0.006185567010309278,0.002066115702479339,0.006185567010309278
../datasets/candombe/proyecto.1992_pelado_01,melspectrogram,"[0, 4, 8]",2,1,0.2860492379835873,0.25773195876288657,0.004123711340206186,0.012371134020618556,0.004132231404958678,0.012371134020618556
../datasets/candombe/proyecto.1992_pelado_01,melspectrogram,"[0, 6, 16]",2,0,0.28873239436619724,0.27422680412371137,0.004123711340206186,0.012371134020618556,0.004123711340206186,0.012371134020618556
../datasets/candombe/proyecto.1992_pelado_01,melspectrogram,"[0, 6, 16]",2,1,0.04732510288065843,0.06981519507186858,0.03696098562628337,0.04722792607802875,0.03696098562628337,0.04722792607802875
../datasets/candombe/proyecto.1992_pelado_01,melspectrogram,"[0, 8, 16]",2,0,0.28638497652582157,0.26804123711340205,0.004123711340206186,0.010309278350515464,0.004123711340206186,0.010309278350515464
../datasets/candombe/proyecto.1992_pelado_01,melspectrogram,"[0, 8, 16]",2,1,0.030864197530864196,0.0513347022587269,0.022587268993839837,0.03285420944558522,0.022587268993839837,0.03285420944558522
../datasets/candombe/zavala.muniz.2014_49,spectrogram,"[0, 4, 8]",2,0,0.995260663507109,0.9968454258675079,0.9779179810725552,0.9936908517350158,0.9779179810725552,0.9936908517350158
../datasets/candombe/zavala.muniz.2014_49,spectrogram,"[0, 4, 8]",2,1,0.8251968503937008,0.8490566037735849,0.1918238993710692,0.8081761006289309,0.1918238993710692,0.8081761006289309
../datasets/candombe/zavala.muniz.2014_49,spectrogram,"[0, 6, 16]",2,0,0.9747634069400631,0.9779179810725552,0.7066246056782335,0.9716088328075709,0.7066246056782335,0.9716088328075709
../datasets/candombe/zavala.muniz.2014_49,spectrogram,"[0, 6, 16]",2,1,0.35962145110410093,0.38485804416403785,0.07886435331230283,0.35646687697160884,0.07886435331230283,0.35646687697160884
../datasets/candombe/zavala.muniz.2014_49,spectrogram,"[0, 8, 16]",2,0,0.8710691823899371,0.8840125391849529,0.19435736677115986,0.8495297805642633,0.19435736677115986,0.8495297805642633
../datasets/candombe/zavala.muniz.2014_49,spectrogram,"[0, 8, 16]",2,1,0.43285939968404424,0.4668769716088328,0.0914826498422713,0.4353312302839117,0.0914826498422713,0.4353312302839117
../datasets/candombe/zavala.muniz.2014_49,melspectrogram,"[0, 4, 8]",2,0,0.9858267716535433,0.9874213836477987,0.9654088050314465,0.9779874213836478,0.9654088050314465,0.9779874213836478
../datasets/candombe/zavala.muniz.2014_49,melspectrogram,"[0, 4, 8]",2,1,0.24956063268892792,0.2334384858044164,0.006309148264984227,0.022082018927444796,0.006329113924050633,0.056962025316455694
../datasets/candombe/zavala.muniz.2014_49,melspectrogram,"[0, 6, 16]",2,0,0.9858267716535433,0.9842767295597484,0.9654088050314465,0.9779874213836478,0.9654088050314465,0.9779874213836478
../datasets/candombe/zavala.muniz.2014_49,melspectrogram,"[0, 6, 16]",2,1,0.6456692913385826,0.6509433962264151,0.1320754716981132,0.6257861635220126,0.1320754716981132,0.6257861635220126
../datasets/candombe/zavala.muniz.2014_49,melspectrogram,"[0, 8, 16]",2,0,0.9858267716535433,0.9842767295597484,0.9654088050314465,0.9779874213836478,0.9654088050314465,0.9779874213836478
../datasets/candombe/zavala.muniz.2014_49,melspectrogram,"[0, 8, 16]",2,1,0.39747634069400634,0.40063091482649843,0.0946372239747634,0.3753943217665615,0.0946372239747634,0.3753943217665615
../datasets/candombe/zavala.muniz.2014_48,spectrogram,"[0, 4, 8]",2,0,0.9848024316109424,0.975975975975976,0.7267267267267268,0.972972972972973,0.7267267267267268,0.972972972972973
../datasets/candombe/zavala.muniz.2014_48,spectrogram,"[0, 4, 8]",2,1,0.6636363636363636,0.6996996996996997,0.09309309309309309,0.6486486486486487,0.09309309309309309,0.6486486486486487
../datasets/candombe/zavala.muniz.2014_48,spectrogram,"[0, 6, 16]",2,0,0.9325153374233128,0.9159159159159159,0.2822822822822823,0.9069069069069069,0.2822822822822823,0.9069069069069069
../datasets/candombe/zavala.muniz.2014_48,spectrogram,"[0, 6, 16]",2,1,0.23241590214067276,0.23123123123123124,0.11711711711711711,0.2222222222222222,0.11711711711711711,0.2222222222222222
../datasets/candombe/zavala.muniz.2014_48,spectrogram,"[0, 8, 16]",2,0,0.7884322678843226,0.8018018018018018,0.09309309309309309,0.7537537537537538,0.09309309309309309,0.7537537537537538
../datasets/candombe/zavala.muniz.2014_48,spectrogram,"[0, 8, 16]",2,1,0.2477064220183486,0.24924924924924924,0.16216216216216217,0.23423423423423423,0.16216216216216217,0.2469879518072289
../datasets/candombe/zavala.muniz.2014_48,melspectrogram,"[0, 4, 8]",2,0,0.993993993993994,0.996996996996997,0.7477477477477478,0.993993993993994,0.7477477477477478,0.993993993993994
../datasets/candombe/zavala.muniz.2014_48,melspectrogram,"[0, 4, 8]",2,1,0.4311377245508982,0.46865671641791046,0.08059701492537313,0.4298507462686567,0.08059701492537313,0.4298507462686567
../datasets/candombe/zavala.muniz.2014_48,melspectrogram,"[0, 6, 16]",2,0,0.990990990990991,0.993993993993994,0.48348348348348347,0.990990990990991,0.48348348348348347,0.990990990990991
../datasets/candombe/zavala.muniz.2014_48,melspectrogram,"[0, 6, 16]",2,1,0.4137931034482758,0.4161676646706587,0.10179640718562874,0.39820359281437123,0.10179640718562874,0.39820359281437123
../datasets/candombe/zavala.muniz.2014_48,melspectrogram,"[0, 8, 16]",2,0,0.9625187406296852,0.9640718562874252,0.47604790419161674,0.9580838323353293,0.47604790419161674,0.9580838323353293
../datasets/candombe/zavala.muniz.2014_48,melspectrogram,"[0, 8, 16]",2,1,0.40179910044977507,0.4041916167664671,0.10179640718562874,0.38323353293413176,0.10179640718562874,0.38323353293413176
../datasets/candombe/csic.1995_cuareim_03,spectrogram,"[0, 4, 8]",2,0,0.9773679798826487,0.9850249584026622,0.5008319467554077,0.9733777038269551,0.5008319467554077,0.9733777038269551
../datasets/candombe/csic.1995_cuareim_03,spectrogram,"[0, 4, 8]",2,1,0.11868131868131869,0.2579034941763727,0.0,0.0,0.20388349514563106,0.7572815533980582
../datasets/candombe/csic.1995_cuareim_03,spectrogram,"[0, 6, 16]",2,0,0.9639564124057,0.9767054908485857,0.49916805324459235,0.9584026622296173,0.49916805324459235,0.9584026622296173
../datasets/candombe/csic.1995_cuareim_03,spectrogram,"[0, 6, 16]",2,1,0.16739130434782606,0.24292845257903495,0.0,0.0,0.3793103448275862,0.677115987460815
../datasets/candombe/csic.1995_cuareim_03,spectrogram,"[0, 8, 16]",2,0,0.2440087145969499,0.324459234608985,0.0,0.0,0.13564668769716087,0.5394321766561514
../datasets/candombe/csic.1995_cuareim_03,spectrogram,"[0, 8, 16]",2,1,0.7457044673539519,0.7354409317803661,0.46422628951747086,0.6672212978369384,0.46422628951747086,0.6672212978369384
../datasets/candombe/csic.1995_cuareim_03,melspectrogram,"[0, 4, 8]",2,0,0.9875104079933389,0.9866888519134775,0.9833610648918469,0.9833610648918469,0.9833610648918469,0.9833610648918469
../datasets/candombe/csic.1995_cuareim_03,melspectrogram,"[0, 4, 8]",2,1,0.25081788440567065,0.21963394342762063,0.0,0.0,0.2468354430379747,0.49683544303797467
../datasets/candombe/csic.1995_cuareim_03,melspectrogram,"[0, 6, 16]",2,0,0.5585980284775465,0.4292845257903494,0.0,0.0,0.46474358974358976,0.7660256410256411
../datasets/candombe/csic.1995_cuareim_03,melspectrogram,"[0, 6, 16]",2,1,0.4338394793926247,0.33444259567387685,0.0,0.0,0.5171339563862928,0.6822429906542056
../datasets/candombe/csic.1995_cuareim_03,melspectrogram,"[0, 8, 16]",2,0,0.5470459518599563,0.4176372712146423,0.0,0.0,0.46645367412140576,0.7284345047923323
../datasets/candombe/csic.1995_cuareim_03,melspectrogram,"[0, 8, 16]",2,1,0.5957446808510639,0.5909822866344605,0.13043478260869565,0.5507246376811594,0.13043478260869565,0.5507246376811594
../datasets/candombe/zavala.muniz.2014_53,spectrogram,"[0, 4, 8]",2,0,0.9477351916376306,0.9491916859122402,0.8706697459584296,0.9376443418013857,0.8706697459584296,0.9376443418013857
../datasets/candombe/zavala.muniz.2014_53,spectrogram,"[0, 4, 8]",2,1,0.7324913892078072,0.7534246575342466,0.1963470319634703,0.7146118721461188,0.1963470319634703,0.7146118721461188
../datasets/candombe/zavala.muniz.2014_53,spectrogram,"[0, 6, 16]",2,0,0.9004629629629628,0.9099307159353349,0.5404157043879908,0.8868360277136259,0.5404157043879908,0.8868360277136259
../datasets/candombe/zavala.muniz.2014_53,spectrogram,"[0, 6, 16]",2,1,0.4495412844036697,0.4760820045558087,0.10022779043280182,0.42596810933940776,0.10022779043280182,0.42596810933940776
../datasets/candombe/zavala.muniz.2014_53,spectrogram,"[0, 8, 16]",2,0,0.8009205983889527,0.8142201834862385,0.19954128440366972,0.7889908256880734,0.19954128440366972,0.7889908256880734
../datasets/candombe/zavala.muniz.2014_53,spectrogram,"[0, 8, 16]",2,1,0.32638888888888884,0.3418013856812933,0.06928406466512702,0.3140877598152425,0.06928406466512702,0.3140877598152425
../datasets/candombe/zavala.muniz.2014_53,melspectrogram,"[0, 4, 8]",2,0,0.9678899082568808,0.9612756264236902,0.9066059225512528,0.9498861047835991,0.9066059225512528,0.9498861047835991
../datasets/candombe/zavala.muniz.2014_53,melspectrogram,"[0, 4, 8]",2,1,0.7112117780294451,0.7044444444444444,0.30666666666666664,0.6644444444444444,0.30666666666666664,0.6644444444444444
../datasets/candombe/zavala.muniz.2014_53,melspectrogram,"[0, 6, 16]",2,0,0.9359267734553776,0.927437641723356,0.8526077097505669,0.9115646258503401,0.8526077097505669,0.9115646258503401
../datasets/candombe/zavala.muniz.2014_53,melspectrogram,"[0, 6, 16]",2,1,0.5874285714285714,0.5882352941176471,0.12217194570135746,0.5542986425339367,0.12217194570135746,0.5542986425339367
../datasets/candombe/zavala.muniz.2014_53,melspectrogram,"[0, 8, 16]",2,0,0.9030786773090079,0.8941441441441441,0.7635135135135135,0.8716216216216216,0.7635135135135135,0.8716216216216216
../datasets/candombe/zavala.muniz.2014_53,melspectrogram,"[0, 8, 16]",2,1,0.4352806414662085,0.44545454545454544,0.075,0.40454545454545454,0.075,0.40454545454545454
../datasets/candombe/csic.1995_ansina1_04,spectrogram,"[0, 4, 8]",2,0,0.9154383242823895,0.9751937984496124,0.38449612403100775,0.9674418604651163,0.38449612403100775,0.9674418604651163
../datasets/candombe/csic.1995_ansina1_04,spectrogram,"[0, 4, 8]",2,1,0.6355140186915889,0.6790697674418604,0.06821705426356589,0.6093023255813953,0.06821705426356589,0.6093023255813953
../datasets/candombe/csic.1995_ansina1_04,spectrogram,"[0, 6, 16]",2,0,0.9464701318851824,0.9720930232558139,0.38449612403100775,0.9643410852713178,0.38449612403100775,0.9643410852713178
../datasets/candombe/csic.1995_ansina1_04,spectrogram,"[0, 6, 16]",2,1,0.765163297045101,0.7705426356589147,0.08217054263565891,0.7457364341085271,0.08217054263565891,0.7457364341085271
../datasets/candombe/csic.1995_ansina1_04,spectrogram,"[0, 8, 16]",2,0,0.8464536243180046,0.8573643410852713,0.08217054263565891,0.8263565891472868,0.08217054263565891,0.8263565891472868
../datasets/candombe/csic.1995_ansina1_04,spectrogram,"[0, 8, 16]",2,1,0.7059736229635376,0.7209302325581395,0.06511627906976744,0.7069767441860465,0.06511627906976744,0.7069767441860465
../datasets/candombe/csic.1995_ansina1_04,melspectrogram,"[0, 4, 8]",2,0,0.986046511627907,0.9906976744186047,0.4496124031007752,0.986046511627907,0.4496124031007752,0.986046511627907
../datasets/candombe/csic.1995_ansina1_04,melspectrogram,"[0, 4, 8]",2,1,0.9495733126454616,0.9488372093023256,0.4325581395348837,0.9441860465116279,0.4325581395348837,0.9441860465116279
../datasets/candombe/csic.1995_ansina1_04,melspectrogram,"[0, 6, 16]",2,0,0.9883630721489527,0.9875968992248062,0.7162790697674418,0.9844961240310077,0.7162790697674418,0.9844961240310077
../datasets/candombe/csic.1995_ansina1_04,melspectrogram,"[0, 6, 16]",2,1,0.9922480620155039,0.9922480620155039,0.9906976744186047,0.9906976744186047,0.9906976744186047,0.9906976744186047
../datasets/candombe/csic.1995_ansina1_04,melspectrogram,"[0, 8, 16]",2,0,0.9883630721489527,0.9875968992248062,0.7162790697674418,0.9844961240310077,0.7162790697674418,0.9844961240310077
../datasets/candombe/csic.1995_ansina1_04,melspectrogram,"[0, 8, 16]",2,1,0.9689922480620154,0.9689922480620154,0.6201550387596899,0.9658914728682171,0.6201550387596899,0.9658914728682171
../datasets/candombe/csic.1995_ansina1_01,spectrogram,"[0, 4, 8]",2,0,0.9336966394187103,0.9909584086799277,0.40687160940325495,0.976491862567812,0.40687160940325495,0.976491862567812
../datasets/candombe/csic.1995_ansina1_01,spectrogram,"[0, 4, 8]",2,1,0.6446886446886446,0.72875226039783,0.07233273056057866,0.6166365280289331,0.07233273056057866,0.6166365280289331
../datasets/candombe/csic.1995_ansina1_01,spectrogram,"[0, 6, 16]",2,0,0.9608021877848678,0.9837251356238698,0.593128390596745,0.9819168173598554,0.593128390596745,0.9819168173598554
../datasets/candombe/csic.1995_ansina1_01,spectrogram,"[0, 6, 16]",2,1,0.5474452554744527,0.5804701627486437,0.06148282097649186,0.5298372513562387,0.06148282097649186,0.5298372513562387
../datasets/candombe/csic.1995_ansina1_01,spectrogram,"[0, 8, 16]",2,0,0.8185961713764813,0.8481012658227848,0.09584086799276673,0.7992766726943942,0.09584086799276673,0.7992766726943942
../datasets/candombe/csic.1995_ansina1_01,spectrogram,"[0, 8, 16]",2,1,0.640582347588717,0.6491862567811935,0.0650994575045208,0.6311030741410488,0.0650994575045208,0.6311030741410488
../datasets/candombe/csic.1995_ansina1_01,melspectrogram,"[0, 4, 8]",2,0,0.9927667269439421,0.9945750452079566,0.9927667269439421,0.9927667269439421,0.9927667269439421,0.9927667269439421
../datasets/candombe/csic.1995_ansina1_01,melspectrogram,"[0, 4, 8]",2,1,0.5452898550724639,0.5551537070524413,0.27124773960216997,0.5334538878842676,0.27124773960216997,0.5334538878842676
../datasets/candombe/csic.1995_ansina1_01,melspectrogram,"[0, 6, 16]",2,0,0.9828054298642535,0.9837251356238698,0.9276672694394213,0.9801084990958409,0.9276672694394213,0.9801084990958409
../datasets/candombe/csic.1995_ansina1_01,melspectrogram,"[0, 6, 16]",2,1,0.6413730803974707,0.6407942238267148,0.37545126353790614,0.6335740072202166,0.37545126353790614,0.6335740072202166
../datasets/candombe/csic.1995_ansina1_01,melspectrogram,"[0, 8, 16]",2,0,0.9927667269439421,0.9945750452079566,0.9927667269439421,0.9927667269439421,0.9927667269439421,0.9927667269439421
../datasets/candombe/csic.1995_ansina1_01,melspectrogram,"[0, 8, 16]",2,1,0.5058717253839204,0.5108303249097473,0.30866425992779783,0.5,0.30866425992779783,0.5
../datasets/candombe/zavala.muniz.2014_44,spectrogram,"[0, 4, 8]",2,0,0.5618279569892473,0.9168831168831169,0.17922077922077922,0.8077922077922078,0.17922077922077922,0.8077922077922078
../datasets/candombe/zavala.muniz.2014_44,spectrogram,"[0, 4, 8]",2,1,0.23154848046309698,0.38961038961038963,0.007792207792207792,0.15844155844155844,0.0078125,0.15844155844155844
../datasets/candombe/zavala.muniz.2014_44,spectrogram,"[0, 6, 16]",2,0,0.696236559139785,0.9324675324675324,0.2597402597402597,0.8857142857142857,0.2597402597402597,0.8857142857142857
../datasets/candombe/zavala.muniz.2014_44,spectrogram,"[0, 6, 16]",2,1,0.1447721179624665,0.14805194805194805,0.03636363636363636,0.13506493506493505,0.03636363636363636,0.4348958333333333
../datasets/candombe/zavala.muniz.2014_44,spectrogram,"[0, 8, 16]",2,0,0.45967741935483875,0.6545454545454545,0.11428571428571428,0.5714285714285714,0.11428571428571428,0.5714285714285714
../datasets/candombe/zavala.muniz.2014_44,spectrogram,"[0, 8, 16]",2,1,0.11796246648793567,0.11688311688311688,0.03636363636363636,0.10649350649350649,0.03636363636363636,0.40625
../datasets/candombe/zavala.muniz.2014_44,melspectrogram,"[0, 4, 8]",2,0,0.8802083333333334,0.9818181818181818,0.34545454545454546,0.9662337662337662,0.34545454545454546,0.9662337662337662
../datasets/candombe/zavala.muniz.2014_44,melspectrogram,"[0, 4, 8]",2,1,0.34685314685314683,0.4,0.007792207792207792,0.21298701298701297,0.0078125,0.21298701298701297
../datasets/candombe/zavala.muniz.2014_44,melspectrogram,"[0, 6, 16]",2,0,0.8779220779220779,0.9688311688311688,0.7012987012987013,0.9506493506493506,0.7012987012987013,0.9506493506493506
../datasets/candombe/zavala.muniz.2014_44,melspectrogram,"[0, 6, 16]",2,1,0.4487678339818417,0.4533678756476684,0.18652849740932642,0.4378238341968912,0.18652849740932642,0.4378238341968912
../datasets/candombe/zavala.muniz.2014_44,melspectrogram,"[0, 8, 16]",2,0,0.8874514877102199,0.9458762886597938,0.6984536082474226,0.9381443298969072,0.6984536082474226,0.9381443298969072
../datasets/candombe/zavala.muniz.2014_44,melspectrogram,"[0, 8, 16]",2,1,0.22857142857142856,0.23636363636363636,0.07272727272727272,0.22077922077922077,0.07272727272727272,0.22077922077922077
../datasets/candombe/csic.1995_ansina1_03,spectrogram,"[0, 4, 8]",2,0,0.916234247590808,0.9615952732644018,0.3722304283604136,0.9320531757754801,0.3722304283604136,0.9320531757754801
../datasets/candombe/csic.1995_ansina1_03,spectrogram,"[0, 4, 8]",2,1,0.3106312292358804,0.42836041358936483,0.004431314623338257,0.06794682422451995,0.004437869822485207,0.06794682422451995
../datasets/candombe/csic.1995_ansina1_03,spectrogram,"[0, 6, 16]",2,0,0.9276218611521418,0.96602658788774,0.2776957163958641,0.9453471196454948,0.2776957163958641,0.9453471196454948
../datasets/candombe/csic.1995_ansina1_03,spectrogram,"[0, 6, 16]",2,1,0.5339299030574197,0.6189069423929099,0.047267355982274745,0.5051698670605613,0.047267355982274745,0.5051698670605613
../datasets/candombe/csic.1995_ansina1_03,spectrogram,"[0, 8, 16]",2,0,0.7247023809523809,0.7666174298375185,0.1019202363367799,0.6957163958641064,0.1019202363367799,0.6957163958641064
../datasets/candombe/csic.1995_ansina1_03,spectrogram,"[0, 8, 16]",2,1,0.6991869918699187,0.7119645494830132,0.0827178729689808,0.6824224519940916,0.0827178729689808,0.6824224519940916
../datasets/candombe/csic.1995_ansina1_03,melspectrogram,"[0, 4, 8]",2,0,0.96602658788774,0.9675036927621861,0.48301329394387,0.9645494830132939,0.48301329394387,0.9645494830132939
../datasets/candombe/csic.1995_ansina1_03,melspectrogram,"[0, 4, 8]",2,1,0.2888888888888889,0.34859675036927623,0.06794682422451995,0.276218611521418,0.06794682422451995,0.276218611521418
../datasets/candombe/csic.1995_ansina1_03,melspectrogram,"[0, 6, 16]",2,0,0.9460458240946046,0.9527326440177253,0.2673559822747415,0.9423929098966026,0.2673559822747415,0.9423929098966026
../datasets/candombe/csic.1995_ansina1_03,melspectrogram,"[0, 6, 16]",2,1,0.710487444608567,0.7311669128508124,0.3766617429837518,0.7060561299852289,0.3766617429837518,0.7060561299852289
../datasets/candombe/csic.1995_ansina1_03,melspectrogram,"[0, 8, 16]",2,0,0.9490022172949002,0.9571639586410635,0.2673559822747415,0.946824224519941,0.2673559822747415,0.946824224519941
../datasets/candombe/csic.1995_ansina1_03,melspectrogram,"[0, 8, 16]",2,1,0.7843426883308715,0.7902511078286558,0.3766617429837518,0.7799113737075333,0.3766617429837518,0.7799113737075333
../datasets/candombe/csic.1995_cuareim_02,spectrogram,"[0, 4, 8]",2,0,0.9773299748110832,0.9712858926342073,0.3533083645443196,0.9662921348314607,0.3533083645443196,0.9662921348314607
../datasets/candombe/csic.1995_cuareim_02,spectrogram,"[0, 4, 8]",2,1,0.9270440251572327,0.9275905118601748,0.35081148564294634,0.9126092384519351,0.35081148564294634,0.9126092384519351
../datasets/candombe/csic.1995_cuareim_02,spectrogram,"[0, 6, 16]",2,0,0.9451795841209829,0.9400749063670412,0.3495630461922597,0.9288389513108615,0.3495630461922597,0.9288389513108615
../datasets/candombe/csic.1995_cuareim_02,spectrogram,"[0, 6, 16]",2,1,0.8153266331658292,0.8589263420724095,0.25218476903870163,0.7965043695380774,0.25218476903870163,0.7965043695380774
../datasets/candombe/csic.1995_cuareim_02,spectrogram,"[0, 8, 16]",2,0,0.9421383647798741,0.9375780274656679,0.35081148564294634,0.9288389513108615,0.35081148564294634,0.9288389513108615
../datasets/candombe/csic.1995_cuareim_02,spectrogram,"[0, 8, 16]",2,1,0.8844221105527638,0.8938826466916354,0.24469413233458176,0.8701622971285893,0.24469413233458176,0.8701622971285893
../datasets/candombe/csic.1995_cuareim_02,melspectrogram,"[0, 4, 8]",2,0,0.9424280350438047,0.9413233458177278,0.35081148564294634,0.9350811485642946,0.35081148564294634,0.9350811485642946
../datasets/candombe/csic.1995_cuareim_02,melspectrogram,"[0, 4, 8]",2,1,0.45875000000000005,0.4818976279650437,0.20224719101123595,0.449438202247191,0.20224719101123595,0.449438202247191
../datasets/candombe/csic.1995_cuareim_02,melspectrogram,"[0, 6, 16]",2,0,0.8267667292057537,0.8389513108614233,0.35081148564294634,0.8202247191011236,0.35081148564294634,0.8202247191011236
../datasets/candombe/csic.1995_cuareim_02,melspectrogram,"[0, 6, 16]",2,1,0.8920773549594511,0.8927680798004988,0.19201995012468828,0.8815461346633416,0.19201995012468828,0.8815461346633416
../datasets/candombe/csic.1995_cuareim_02,melspectrogram,"[0, 8, 16]",2,0,0.7672090112640801,0.7815230961298377,0.35081148564294634,0.7578027465667915,0.35081148564294634,0.7578027465667915
../datasets/candombe/csic.1995_cuareim_02,melspectrogram,"[0, 8, 16]",2,1,0.5986309894212819,0.6042183622828784,0.19106699751861042,0.5794044665012407,0.19106699751861042,0.5794044665012407
../datasets/candombe/zavala.muniz.2014_50,spectrogram,"[0, 4, 8]",2,0,0.76410998552822,0.838150289017341,0.18497109826589594,0.7745664739884393,0.18497109826589594,0.7745664739884393
../datasets/candombe/zavala.muniz.2014_50,spectrogram,"[0, 4, 8]",2,1,0.6202898550724638,0.6260869565217392,0.13623188405797101,0.5681159420289855,0.13623188405797101,0.5681159420289855
../datasets/candombe/zavala.muniz.2014_50,spectrogram,"[0, 6, 16]",2,0,0.817391304347826,0.8289855072463768,0.28405797101449276,0.782608695652174,0.28405797101449276,0.782608695652174
../datasets/candombe/zavala.muniz.2014_50,spectrogram,"[0, 6, 16]",2,1,0.3226744186046511,0.32753623188405795,0.07536231884057971,0.2579710144927536,0.07536231884057971,0.2579710144927536
../datasets/candombe/zavala.muniz.2014_50,spectrogram,"[0, 8, 16]",2,0,0.6434782608695652,0.6492753623188405,0.13623188405797101,0.5855072463768116,0.13623188405797101,0.5855072463768116
../datasets/candombe/zavala.muniz.2014_50,spectrogram,"[0, 8, 16]",2,1,0.29027576197387517,0.2985507246376812,0.05217391304347826,0.24347826086956523,0.05217391304347826,0.24347826086956523
../datasets/candombe/zavala.muniz.2014_50,melspectrogram,"[0, 4, 8]",2,0,0.9046941678520627,0.8938547486033519,0.3324022346368715,0.8547486033519553,0.3324022346368715,0.8547486033519553
../datasets/candombe/zavala.muniz.2014_50,melspectrogram,"[0, 4, 8]",2,1,0.7983074753173484,0.782967032967033,0.21153846153846154,0.7335164835164835,0.21153846153846154,0.7335164835164835
../datasets/candombe/zavala.muniz.2014_50,melspectrogram,"[0, 6, 16]",2,0,0.902127659574468,0.8888888888888888,0.825,0.8444444444444444,0.825,0.8444444444444444
../datasets/candombe/zavala.muniz.2014_50,melspectrogram,"[0, 6, 16]",2,1,0.4985835694050991,0.49584487534626037,0.09695290858725762,0.4487534626038781,0.09695290858725762,0.4487534626038781
../datasets/candombe/zavala.muniz.2014_50,melspectrogram,"[0, 8, 16]",2,0,0.8936170212765957,0.8777777777777778,0.5777777777777777,0.8388888888888889,0.5777777777777777,0.8388888888888889
../datasets/candombe/zavala.muniz.2014_50,melspectrogram,"[0, 8, 16]",2,1,0.3796033994334278,0.38227146814404434,0.07479224376731301,0.33240997229916897,0.07479224376731301,0.33240997229916897
../datasets/candombe/csic.1995_ansina2_03,spectrogram,"[0, 4, 8]",2,0,0.896326530612245,0.9756888168557536,0.06320907617504051,0.9189627228525121,0.06320907617504051,0.9189627228525121
../datasets/candombe/csic.1995_ansina2_03,spectrogram,"[0, 4, 8]",2,1,0.0,0.23014586709886548,0.0,0.0,0.9837662337662337,0.9837662337662337
../datasets/candombe/csic.1995_ansina2_03,spectrogram,"[0, 6, 16]",2,0,0.6601520086862106,0.49270664505672607,0.0,0.0,0.9838187702265372,0.9838187702265372
../datasets/candombe/csic.1995_ansina2_03,spectrogram,"[0, 6, 16]",2,1,0.0,0.18314424635332252,0.0,0.0,0.9837662337662337,0.9837662337662337
../datasets/candombe/csic.1995_ansina2_03,spectrogram,"[0, 8, 16]",2,0,0.0,0.22852512155591573,0.0,0.0,0.9805194805194806,0.9805194805194806
../datasets/candombe/csic.1995_ansina2_03,spectrogram,"[0, 8, 16]",2,1,0.23596419853539463,0.42301458670988656,0.059967585089141004,0.22690437601296595,0.059967585089141004,0.22690437601296595
../datasets/candombe/csic.1995_ansina2_03,melspectrogram,"[0, 4, 8]",2,0,0.6565874730021598,0.49270664505672607,0.0,0.0,0.9773462783171522,0.9773462783171522
../datasets/candombe/csic.1995_ansina2_03,melspectrogram,"[0, 4, 8]",2,1,0.6572972972972974,0.49270664505672607,0.0,0.0,0.9773462783171522,0.9773462783171522
../datasets/candombe/csic.1995_ansina2_03,melspectrogram,"[0, 6, 16]",2,0,0.6572972972972974,0.49270664505672607,0.0,0.0,0.9773462783171522,0.9773462783171522
../datasets/candombe/csic.1995_ansina2_03,melspectrogram,"[0, 6, 16]",2,1,0.30307941653160453,0.35980551053484605,0.12965964343598055,0.2965964343598055,0.12965964343598055,0.2965964343598055
../datasets/candombe/csic.1995_ansina2_03,melspectrogram,"[0, 8, 16]",2,0,0.6572972972972974,0.49270664505672607,0.0,0.0,0.9773462783171522,0.9773462783171522
../datasets/candombe/csic.1995_ansina2_03,melspectrogram,"[0, 8, 16]",2,1,0.2171799027552674,0.2901134521880065,0.07779578606158834,0.20907617504051865,0.07779578606158834,0.20907617504051865
../datasets/candombe/zavala.muniz.2014_46,spectrogram,"[0, 4, 8]",2,0,0.7685950413223139,0.9036144578313253,0.2891566265060241,0.8353413654618473,0.2891566265060241,0.8353413654618473
../datasets/candombe/zavala.muniz.2014_46,spectrogram,"[0, 4, 8]",2,1,0.7551867219917013,0.7831325301204819,0.20481927710843373,0.7269076305220884,0.20481927710843373,0.7269076305220884
../datasets/candombe/zavala.muniz.2014_46,spectrogram,"[0, 6, 16]",2,0,0.8494845360824742,0.9156626506024096,0.2891566265060241,0.8795180722891566,0.2891566265060241,0.8795180722891566
../datasets/candombe/zavala.muniz.2014_46,spectrogram,"[0, 6, 16]",2,1,0.27868852459016397,0.30522088353413657,0.040160642570281124,0.27309236947791166,0.040160642570281124,0.27309236947791166
../datasets/candombe/zavala.muniz.2014_46,spectrogram,"[0, 8, 16]",2,0,0.761904761904762,0.7951807228915663,0.20481927710843373,0.7389558232931727,0.20481927710843373,0.7389558232931727
../datasets/candombe/zavala.muniz.2014_46,spectrogram,"[0, 8, 16]",2,1,0.20491803278688525,0.2248995983935743,0.028112449799196786,0.19678714859437751,0.028112449799196786,0.19678714859437751
../datasets/candombe/zavala.muniz.2014_46,melspectrogram,"[0, 4, 8]",2,0,0.9068825910931173,0.9437751004016064,0.30522088353413657,0.9156626506024096,0.30522088353413657,0.9156626506024096
../datasets/candombe/zavala.muniz.2014_46,melspectrogram,"[0, 4, 8]",2,1,0.8669354838709677,0.8795180722891566,0.4979919678714859,0.8594377510040161,0.4979919678714859,0.8594377510040161
../datasets/candombe/zavala.muniz.2014_46,melspectrogram,"[0, 6, 16]",2,0,0.9252525252525251,0.9477911646586346,0.3614457831325301,0.9236947791164659,0.3614457831325301,0.9236947791164659
../datasets/candombe/zavala.muniz.2014_46,melspectrogram,"[0, 6, 16]",2,1,0.6104417670682731,0.6144578313253012,0.18875502008032127,0.5863453815261044,0.18875502008032127,0.5863453815261044
../datasets/candombe/zavala.muniz.2014_46,melspectrogram,"[0, 8, 16]",2,0,0.9295774647887324,0.9518072289156626,0.7349397590361446,0.927710843373494,0.7349397590361446,0.927710843373494
../datasets/candombe/zavala.muniz.2014_46,melspectrogram,"[0, 8, 16]",2,1,0.2925851703406814,0.308,0.108,0.268,0.108,0.268
../datasets/candombe/csic.1995_ansina1_05,spectrogram,"[0, 4, 8]",2,0,0.8757861635220127,0.968798751950078,0.1029641185647426,0.9266770670826833,0.1029641185647426,0.9266770670826833
../datasets/candombe/csic.1995_ansina1_05,spectrogram,"[0, 4, 8]",2,1,0.6530612244897959,0.7223088923556942,0.0655226209048362,0.6365054602184087,0.0655226209048362,0.6365054602184087
../datasets/candombe/csic.1995_ansina1_05,spectrogram,"[0, 6, 16]",2,0,0.889937106918239,0.9500780031201248,0.20124804992199688,0.9204368174726989,0.20124804992199688,0.9204368174726989
../datasets/candombe/csic.1995_ansina1_05,spectrogram,"[0, 6, 16]",2,1,0.6300940438871473,0.6489859594383776,0.078003120124805,0.6068642745709828,0.078003120124805,0.6068642745709828
../datasets/candombe/csic.1995_ansina1_05,spectrogram,"[0, 8, 16]",2,0,0.8081440877055599,0.8471138845553822,0.0811232449297972,0.8049921996879875,0.0811232449297972,0.8049921996879875
../datasets/candombe/csic.1995_ansina1_05,spectrogram,"[0, 8, 16]",2,1,0.5996860282574569,0.6021840873634945,0.078003120124805,0.5819032761310452,0.078003120124805,0.5819032761310452
../datasets/candombe/csic.1995_ansina1_05,melspectrogram,"[0, 4, 8]",2,0,0.9859594383775351,0.9953198127925117,0.7145085803432137,0.9921996879875195,0.7145085803432137,0.9921996879875195
../datasets/candombe/csic.1995_ansina1_05,melspectrogram,"[0, 4, 8]",2,1,0.8852459016393442,0.8939157566302652,0.36505460218408736,0.8798751950078003,0.36505460218408736,0.8798751950078003
../datasets/candombe/csic.1995_ansina1_05,melspectrogram,"[0, 6, 16]",2,0,0.982839313572543,0.9859594383775351,0.9859594383775351,0.9859594383775351,0.9859594383775351,0.9859594383775351
../datasets/candombe/csic.1995_ansina1_05,melspectrogram,"[0, 6, 16]",2,1,0.9765990639625585,0.9765990639625585,0.9297971918876755,0.9734789391575663,0.9297971918876755,0.9734789391575663
../datasets/candombe/csic.1995_ansina1_05,melspectrogram,"[0, 8, 16]",2,0,0.9625585023400937,0.9703588143525741,0.7753510140405616,0.9625585023400937,0.7753510140405616,0.9625585023400937
../datasets/candombe/csic.1995_ansina1_05,melspectrogram,"[0, 8, 16]",2,1,0.9431021044427124,0.942367601246106,0.5015576323987538,0.9392523364485982,0.5015576323987538,0.9392523364485982
../datasets/candombe/proyecto.1992_gimenez_06,spectrogram,"[0, 4, 8]",2,0,0.832356389214537,0.9277389277389277,0.22843822843822845,0.8904428904428905,0.22843822843822845,0.8904428904428905
../datasets/candombe/proyecto.1992_gimenez_06,spectrogram,"[0, 4, 8]",2,1,0.5166666666666667,0.5524475524475524,0.1351981351981352,0.49184149184149184,0.1351981351981352,0.49184149184149184
../datasets/candombe/proyecto.1992_gimenez_06,spectrogram,"[0, 6, 16]",2,0,0.6092089728453364,0.668997668997669,0.23543123543123542,0.5967365967365967,0.23543123543123542,0.5967365967365967
../datasets/candombe/proyecto.1992_gimenez_06,spectrogram,"[0, 6, 16]",2,1,0.6161137440758294,0.62004662004662,0.14685314685314685,0.5944055944055944,0.14685314685314685,0.5944055944055944
../datasets/candombe/proyecto.1992_gimenez_06,spectrogram,"[0, 8, 16]",2,0,0.5166666666666667,0.5524475524475524,0.1351981351981352,0.49184149184149184,0.1351981351981352,0.49184149184149184
../datasets/candombe/proyecto.1992_gimenez_06,spectrogram,"[0, 8, 16]",2,1,0.6390532544378699,0.6410256410256411,0.14685314685314685,0.6130536130536131,0.14685314685314685,0.6130536130536131
../datasets/candombe/proyecto.1992_gimenez_06,melspectrogram,"[0, 4, 8]",2,0,0.9883177570093458,0.9883449883449883,0.9743589743589743,0.9883449883449883,0.9743589743589743,0.9883449883449883
../datasets/candombe/proyecto.1992_gimenez_06,melspectrogram,"[0, 4, 8]",2,1,0.7883040935672515,0.7948717948717948,0.4125874125874126,0.7832167832167832,0.4125874125874126,0.7832167832167832
../datasets/candombe/proyecto.1992_gimenez_06,melspectrogram,"[0, 6, 16]",2,0,0.9054842473745625,0.9090909090909091,0.668997668997669,0.9020979020979021,0.668997668997669,0.9020979020979021
../datasets/candombe/proyecto.1992_gimenez_06,melspectrogram,"[0, 6, 16]",2,1,0.7488372093023257,0.7517401392111369,0.2923433874709977,0.740139211136891,0.2923433874709977,0.740139211136891
../datasets/candombe/proyecto.1992_gimenez_06,melspectrogram,"[0, 8, 16]",2,0,0.8899297423887588,0.8951048951048951,0.4149184149184149,0.8857808857808858,0.4149184149184149,0.8857808857808858
../datasets/candombe/proyecto.1992_gimenez_06,melspectrogram,"[0, 8, 16]",2,1,0.6852497096399536,0.6875,0.22916666666666666,0.6689814814814815,0.22916666666666666,0.6689814814814815
../datasets/candombe/proyecto.1992_lobo_01,spectrogram,"[0, 4, 8]",2,0,0.8747044917257683,0.9168591224018475,0.22401847575057737,0.8845265588914549,0.22401847575057737,0.8845265588914549
../datasets/candombe/proyecto.1992_lobo_01,spectrogram,"[0, 4, 8]",2,1,0.33557046979865773,0.3348729792147806,0.004618937644341801,0.05542725173210162,0.004618937644341801,0.060897435897435896
../datasets/candombe/proyecto.1992_lobo_01,spectrogram,"[0, 6, 16]",2,0,0.8862559241706162,0.9214780600461894,0.21939953810623555,0.8868360277136259,0.21939953810623555,0.8868360277136259
../datasets/candombe/proyecto.1992_lobo_01,spectrogram,"[0, 6, 16]",2,1,0.31720430107526887,0.3094688221709007,0.004618937644341801,0.03695150115473441,0.004618937644341801,0.04180064308681672
../datasets/candombe/proyecto.1992_lobo_01,spectrogram,"[0, 8, 16]",2,0,0.33557046979865773,0.3348729792147806,0.004618937644341801,0.05542725173210162,0.004618937644341801,0.060897435897435896
../datasets/candombe/proyecto.1992_lobo_01,spectrogram,"[0, 8, 16]",2,1,0.9561091340450772,0.9399538106235565,0.8545034642032333,0.9376443418013857,0.8545034642032333,0.9376443418013857
../datasets/candombe/proyecto.1992_lobo_01,melspectrogram,"[0, 4, 8]",2,0,0.9733487833140207,0.9815242494226328,0.9191685912240185,0.976905311778291,0.9191685912240185,0.976905311778291
../datasets/candombe/proyecto.1992_lobo_01,melspectrogram,"[0, 4, 8]",2,1,0.006952491309385864,0.020785219399538105,0.004618937644341801,0.004618937644341801,0.10648148148148148,0.12731481481481483
../datasets/candombe/proyecto.1992_lobo_01,melspectrogram,"[0, 6, 16]",2,0,0.048723897911832945,0.08314087759815242,0.04157043879907621,0.046189376443418015,0.04157043879907621,0.046189376443418015
../datasets/candombe/proyecto.1992_lobo_01,melspectrogram,"[0, 6, 16]",2,1,0.18518518518518517,0.20554272517321015,0.12471131639722864,0.18013856812933027,0.12471131639722864,0.18013856812933027
../datasets/candombe/proyecto.1992_lobo_01,melspectrogram,"[0, 8, 16]",2,0,0.044083526682134576,0.06466512702078522,0.04157043879907621,0.04157043879907621,0.10648148148148148,0.12037037037037036
../datasets/candombe/proyecto.1992_lobo_01,melspectrogram,"[0, 8, 16]",2,1,0.4133949191685912,0.42725173210161665,0.17321016166281755,0.3995381062355658,0.17321016166281755,0.3995381062355658
../datasets/candombe/csic.1995_cuareim_05,spectrogram,"[0, 4, 8]",2,0,0.9302325581395349,0.9895366218236173,0.09417040358744394,0.9491778774289985,0.09417040358744394,0.9491778774289985
../datasets/candombe/csic.1995_cuareim_05,spectrogram,"[0, 4, 8]",2,1,0.31837425910245554,0.38863976083707025,0.01046337817638266,0.06427503736920777,0.01046337817638266,0.06427503736920777
../datasets/candombe/csic.1995_cuareim_05,spectrogram,"[0, 6, 16]",2,0,0.9400299850074963,0.9910313901345291,0.11808669656203288,0.9596412556053812,0.11808669656203288,0.9596412556053812
../datasets/candombe/csic.1995_cuareim_05,spectrogram,"[0, 6, 16]",2,1,0.30912162162162166,0.3632286995515695,0.01046337817638266,0.06576980568011959,0.01046337817638266,0.06576980568011959
../datasets/candombe/csic.1995_cuareim_05,spectrogram,"[0, 8, 16]",2,0,0.3282571912013536,0.40358744394618834,0.01046337817638266,0.07623318385650224,0.01046337817638266,0.07623318385650224
../datasets/candombe/csic.1995_cuareim_05,spectrogram,"[0, 8, 16]",2,1,0.8868913857677903,0.905829596412556,0.23617339312406577,0.8789237668161435,0.23617339312406577,0.8789237668161435
../datasets/candombe/csic.1995_cuareim_05,melspectrogram,"[0, 4, 8]",2,0,0.9640718562874252,0.9790732436472347,0.8684603886397608,0.9775784753363229,0.8684603886397608,0.9775784753363229
../datasets/candombe/csic.1995_cuareim_05,melspectrogram,"[0, 4, 8]",2,1,0.26666666666666666,0.2795216741405082,0.0029895366218236174,0.01195814648729447,0.004491017964071856,0.0374251497005988
../datasets/candombe/csic.1995_cuareim_05,melspectrogram,"[0, 6, 16]",2,0,0.9506726457399103,0.9641255605381166,0.7115097159940209,0.9611360239162929,0.7115097159940209,0.9611360239162929
../datasets/candombe/csic.1995_cuareim_05,melspectrogram,"[0, 6, 16]",2,1,0.8562962962962963,0.8604992657856094,0.6681350954478708,0.8355359765051396,0.6681350954478708,0.8355359765051396
../datasets/candombe/csic.1995_cuareim_05,melspectrogram,"[0, 8, 16]",2,0,0.9342301943198804,0.9566517189835575,0.7414050822122571,0.9402092675635276,0.7414050822122571,0.9402092675635276
../datasets/candombe/csic.1995_cuareim_05,melspectrogram,"[0, 8, 16]",2,1,0.8065233506300963,0.8044117647058824,0.6676470588235294,0.7779411764705882,0.6676470588235294,0.7779411764705882
../datasets/candombe/proyecto.1992_gimenez_02,spectrogram,"[0, 4, 8]",2,0,0.9671361502347418,0.9736434108527132,0.6666666666666666,0.9689922480620154,0.6666666666666666,0.9689922480620154
../datasets/candombe/proyecto.1992_gimenez_02,spectrogram,"[0, 4, 8]",2,1,0.31176929072486365,0.34728682170542635,0.03565891472868217,0.31007751937984496,0.052795031055900624,0.31007751937984496
../datasets/candombe/proyecto.1992_gimenez_02,spectrogram,"[0, 6, 16]",2,0,0.6115444617784711,0.6372093023255814,0.11937984496124031,0.6093023255813953,0.11937984496124031,0.6093023255813953
../datasets/candombe/proyecto.1992_gimenez_02,spectrogram,"[0, 6, 16]",2,1,0.8065779169929522,0.834108527131783,0.15503875968992248,0.7937984496124031,0.15503875968992248,0.7937984496124031
../datasets/candombe/proyecto.1992_gimenez_02,spectrogram,"[0, 8, 16]",2,0,0.32554517133956384,0.3705426356589147,0.03565891472868217,0.324031007751938,0.052795031055900624,0.324031007751938
../datasets/candombe/proyecto.1992_gimenez_02,spectrogram,"[0, 8, 16]",2,1,0.910086004691165,0.9255813953488372,0.22945736434108527,0.9085271317829458,0.22945736434108527,0.9085271317829458
../datasets/candombe/proyecto.1992_gimenez_02,melspectrogram,"[0, 4, 8]",2,0,0.9704968944099378,0.9906976744186047,0.6821705426356589,0.9813953488372092,0.6821705426356589,0.9813953488372092
../datasets/candombe/proyecto.1992_gimenez_02,melspectrogram,"[0, 4, 8]",2,1,0.05279503105590062,0.05581395348837209,0.046511627906976744,0.04961240310077519,0.06366459627329192,0.4549689440993789
../datasets/candombe/proyecto.1992_gimenez_02,melspectrogram,"[0, 6, 16]",2,0,0.8183229813664598,0.8325581395348837,0.37209302325581395,0.8232558139534883,0.37209302325581395,0.8232558139534883
../datasets/candombe/proyecto.1992_gimenez_02,melspectrogram,"[0, 6, 16]",2,1,0.7703016241299303,0.8410493827160493,0.1388888888888889,0.7916666666666666,0.1388888888888889,0.7916666666666666
../datasets/candombe/proyecto.1992_gimenez_02,melspectrogram,"[0, 8, 16]",2,0,0.629945694336695,0.6434108527131783,0.2062015503875969,0.6325581395348837,0.2062015503875969,0.6325581395348837
../datasets/candombe/proyecto.1992_gimenez_02,melspectrogram,"[0, 8, 16]",2,1,0.7585139318885449,0.8516228748068007,0.1267387944358578,0.7820710973724884,0.1267387944358578,0.7820710973724884
../datasets/candombe/zavala.muniz.2014_51,spectrogram,"[0, 4, 8]",2,0,0.6788008565310492,0.9077568134171907,0.09853249475890985,0.8511530398322851,0.09853249475890985,0.8511530398322851
../datasets/candombe/zavala.muniz.2014_51,spectrogram,"[0, 4, 8]",2,1,0.13672922252010725,0.2431865828092243,0.0,0.0,0.011152416356877323,0.26765799256505574
../datasets/candombe/zavala.muniz.2014_51,spectrogram,"[0, 6, 16]",2,0,0.785867237687366,0.9350104821802935,0.2138364779874214,0.909853249475891,0.2138364779874214,0.909853249475891
../datasets/candombe/zavala.muniz.2014_51,spectrogram,"[0, 6, 16]",2,1,0.15450643776824033,0.1740041928721174,0.027253668763102725,0.14046121593291405,0.027253668763102725,0.3025210084033613
../datasets/candombe/zavala.muniz.2014_51,spectrogram,"[0, 8, 16]",2,0,0.14993306559571618,0.24528301886792453,0.0,0.0,0.011111111111111112,0.26666666666666666
../datasets/candombe/zavala.muniz.2014_51,spectrogram,"[0, 8, 16]",2,1,0.1535181236673774,0.16771488469601678,0.016771488469601678,0.13417190775681342,0.016771488469601678,0.29831932773109243
../datasets/candombe/zavala.muniz.2014_51,melspectrogram,"[0, 4, 8]",2,0,0.8764519535374867,0.960167714884696,0.20964360587002095,0.9371069182389937,0.20964360587002095,0.9371069182389937
../datasets/candombe/zavala.muniz.2014_51,melspectrogram,"[0, 4, 8]",2,1,0.35360360360360366,0.3710691823899371,0.012578616352201259,0.22431865828092243,0.014705882352941176,0.22431865828092243
../datasets/candombe/zavala.muniz.2014_51,melspectrogram,"[0, 6, 16]",2,0,0.8828451882845187,0.9394572025052192,0.21294363256784968,0.918580375782881,0.21294363256784968,0.918580375782881
../datasets/candombe/zavala.muniz.2014_51,melspectrogram,"[0, 6, 16]",2,1,0.4244306418219462,0.43149284253578735,0.053169734151329244,0.37627811860940696,0.053169734151329244,0.37627811860940696
../datasets/candombe/zavala.muniz.2014_51,melspectrogram,"[0, 8, 16]",2,0,0.8505747126436781,0.8916666666666667,0.2375,0.8729166666666667,0.2375,0.8729166666666667
../datasets/candombe/zavala.muniz.2014_51,melspectrogram,"[0, 8, 16]",2,1,0.1950207468879668,0.1971252566735113,0.045174537987679675,0.162217659137577,0.045174537987679675,0.162217659137577
../datasets/candombe/proyecto.1992_pelado_05,spectrogram,"[0, 4, 8]",2,0,0.9186176142697883,0.9518599562363238,0.24288840262582057,0.9168490153172867,0.24288840262582057,0.9168490153172867
../datasets/candombe/proyecto.1992_pelado_05,spectrogram,"[0, 4, 8]",2,1,0.2780612244897959,0.3544857768052516,0.002188183807439825,0.002188183807439825,0.0021929824561403508,0.0021929824561403508
../datasets/candombe/proyecto.1992_pelado_05,spectrogram,"[0, 6, 16]",2,0,0.27918781725888325,0.29978118161925604,0.002188183807439825,0.006564551422319475,0.0030211480362537764,0.006564551422319475
../datasets/candombe/proyecto.1992_pelado_05,spectrogram,"[0, 6, 16]",2,1,0.2806122448979592,0.3610503282275711,0.002188183807439825,0.002188183807439825,0.0021929824561403508,0.0021929824561403508
../datasets/candombe/proyecto.1992_pelado_05,spectrogram,"[0, 8, 16]",2,0,0.2780612244897959,0.35667396061269147,0.002188183807439825,0.002188183807439825,0.0021929824561403508,0.0021929824561403508
../datasets/candombe/proyecto.1992_pelado_05,spectrogram,"[0, 8, 16]",2,1,0.2806122448979592,0.35667396061269147,0.0,0.0,0.0021929824561403508,0.0021929824561403508
../datasets/candombe/proyecto.1992_pelado_05,melspectrogram,"[0, 4, 8]",2,0,0.9522752497225305,0.9518599562363238,0.5404814004376368,0.9409190371991247,0.5404814004376368,0.9409190371991247
../datasets/candombe/proyecto.1992_pelado_05,melspectrogram,"[0, 4, 8]",2,1,0.005891016200294551,0.05470459518599562,0.0,0.0,0.9605263157894737,0.9605263157894737
../datasets/candombe/proyecto.1992_pelado_05,melspectrogram,"[0, 6, 16]",2,0,0.2777777777777778,0.2713347921225383,0.002188183807439825,0.002188183807439825,0.0021929824561403508,0.0043859649122807015
../datasets/candombe/proyecto.1992_pelado_05,melspectrogram,"[0, 6, 16]",2,1,0.013230429988974642,0.12691466083150985,0.01312910284463895,0.02188183807439825,0.01312910284463895,0.02188183807439825
../datasets/candombe/proyecto.1992_pelado_05,melspectrogram,"[0, 8, 16]",2,0,0.2792452830188679,0.2778993435448578,0.00437636761487965,0.00437636761487965,0.0043859649122807015,0.006578947368421052
../datasets/candombe/proyecto.1992_pelado_05,melspectrogram,"[0, 8, 16]",2,1,0.01312910284463895,0.11597374179431072,0.006564551422319475,0.019693654266958426,0.006564551422319475,0.0262582056892779
../datasets/candombe/csic.1995_cuareim_04,spectrogram,"[0, 4, 8]",2,0,0.9663526244952894,0.9852348993288591,0.2348993288590604,0.9731543624161074,0.2348993288590604,0.9731543624161074
../datasets/candombe/csic.1995_cuareim_04,spectrogram,"[0, 4, 8]",2,1,0.0904893813481071,0.14496644295302014,0.0,0.0,0.18548387096774194,0.7365591397849462
../datasets/candombe/csic.1995_cuareim_04,spectrogram,"[0, 6, 16]",2,0,0.6273458445040214,0.47248322147651006,0.0,0.0,0.4679144385026738,0.946524064171123
../datasets/candombe/csic.1995_cuareim_04,spectrogram,"[0, 6, 16]",2,1,0.22841726618705036,0.2,0.0,0.0,0.26881720430107525,0.5779569892473119
../datasets/candombe/csic.1995_cuareim_04,spectrogram,"[0, 8, 16]",2,0,0.17777777777777778,0.2134228187919463,0.0,0.0,0.18157894736842106,0.6684210526315789
../datasets/candombe/csic.1995_cuareim_04,spectrogram,"[0, 8, 16]",2,1,0.8393574297188756,0.8531375166889186,0.3885180240320427,0.8264352469959947,0.3885180240320427,0.8264352469959947
../datasets/candombe/csic.1995_cuareim_04,melspectrogram,"[0, 4, 8]",2,0,0.9358288770053476,0.9387483355525965,0.3954727030625832,0.9241011984021305,0.3954727030625832,0.9241011984021305
../datasets/candombe/csic.1995_cuareim_04,melspectrogram,"[0, 4, 8]",2,1,0.1500441306266549,0.12483221476510067,0.0,0.0,0.23195876288659795,0.6237113402061856
../datasets/candombe/csic.1995_cuareim_04,melspectrogram,"[0, 6, 16]",2,0,0.417036379769299,0.32348993288590605,0.0,0.0,0.2513089005235602,0.5837696335078534
../datasets/candombe/csic.1995_cuareim_04,melspectrogram,"[0, 6, 16]",2,1,0.8150594451783355,0.8049414824447334,0.5331599479843954,0.7724317295188556,0.5331599479843954,0.7724317295188556
../datasets/candombe/csic.1995_cuareim_04,melspectrogram,"[0, 8, 16]",2,0,0.3507528786536758,0.27248322147651005,0.0,0.0,0.21875,0.4765625
../datasets/candombe/csic.1995_cuareim_04,melspectrogram,"[0, 8, 16]",2,1,0.677269715043075,0.6740837696335078,0.32591623036649214,0.6452879581151832,0.32591623036649214,0.6452879581151832
../datasets/candombe/csic.1995_ansina2_01,spectrogram,"[0, 4, 8]",2,0,0.8890521675238794,0.962043795620438,0.07445255474452554,0.9153284671532846,0.07445255474452554,0.9153284671532846
../datasets/candombe/csic.1995_ansina2_01,spectrogram,"[0, 4, 8]",2,1,0.00196078431372549,0.2759124087591241,0.0,0.0,0.97953216374269,0.97953216374269
../datasets/candombe/csic.1995_ansina2_01,spectrogram,"[0, 6, 16]",2,0,0.6523016650342801,0.48905109489051096,0.0,0.0,0.9737609329446064,0.9737609329446064
../datasets/candombe/csic.1995_ansina2_01,spectrogram,"[0, 6, 16]",2,1,0.0,0.2291970802919708,0.0,0.0,0.97953216374269,0.97953216374269
../datasets/candombe/csic.1995_ansina2_01,spectrogram,"[0, 8, 16]",2,0,0.00196078431372549,0.2759124087591241,0.0,0.0,0.97953216374269,0.97953216374269
../datasets/candombe/csic.1995_ansina2_01,spectrogram,"[0, 8, 16]",2,1,0.4657332350773765,0.6131386861313869,0.14890510948905109,0.4569343065693431,0.14890510948905109,0.4569343065693431
../datasets/candombe/csic.1995_ansina2_01,melspectrogram,"[0, 4, 8]",2,0,0.6543330087633885,0.49343065693430654,0.0,0.0,0.9737609329446064,0.9737609329446064
../datasets/candombe/csic.1995_ansina2_01,melspectrogram,"[0, 4, 8]",2,1,0.6530214424951267,0.491970802919708,0.0,0.0,0.9708454810495627,0.9708454810495627
../datasets/candombe/csic.1995_ansina2_01,melspectrogram,"[0, 6, 16]",2,0,0.6543330087633885,0.49343065693430654,0.0,0.0,0.9737609329446064,0.9737609329446064
../datasets/candombe/csic.1995_ansina2_01,melspectrogram,"[0, 6, 16]",2,1,0.12846715328467154,0.2,0.06715328467153285,0.12700729927007298,0.06715328467153285,0.12700729927007298
../datasets/candombe/csic.1995_ansina2_01,melspectrogram,"[0, 8, 16]",2,0,0.6543330087633885,0.49343065693430654,0.0,0.0,0.9737609329446064,0.9737609329446064
../datasets/candombe/csic.1995_ansina2_01,melspectrogram,"[0, 8, 16]",2,1,0.08759124087591241,0.16934306569343066,0.06715328467153285,0.08759124087591241,0.06715328467153285,0.08759124087591241
../datasets/candombe/proyecto.1992_lobo_06,spectrogram,"[0, 4, 8]",2,0,0.848,0.9734748010610079,0.1856763925729443,0.9124668435013262,0.1856763925729443,0.9124668435013262
../datasets/candombe/proyecto.1992_lobo_06,spectrogram,"[0, 4, 8]",2,1,0.28125000000000006,0.2838196286472148,0.005305039787798408,0.026525198938992044,0.005319148936170213,0.026525198938992044
../datasets/candombe/proyecto.1992_lobo_06,spectrogram,"[0, 6, 16]",2,0,0.7378640776699028,0.8488063660477454,0.11405835543766578,0.7639257294429708,0.11405835543766578,0.7639257294429708
../datasets/candombe/proyecto.1992_lobo_06,spectrogram,"[0, 6, 16]",2,1,0.27899686520376177,0.26790450928381965,0.002652519893899204,0.01856763925729443,0.005319148936170213,0.01856763925729443
../datasets/candombe/proyecto.1992_lobo_06,spectrogram,"[0, 8, 16]",2,0,0.27769110764430577,0.27586206896551724,0.005305039787798408,0.023872679045092837,0.005319148936170213,0.023872679045092837
../datasets/candombe/proyecto.1992_lobo_06,spectrogram,"[0, 8, 16]",2,1,0.26239999999999997,0.23342175066312998,0.002652519893899204,0.010610079575596816,0.004032258064516129,0.010610079575596816
../datasets/candombe/proyecto.1992_lobo_06,melspectrogram,"[0, 4, 8]",2,0,0.8264900662251655,0.8703703703703703,0.23015873015873015,0.8492063492063492,0.23015873015873015,0.8492063492063492
../datasets/candombe/proyecto.1992_lobo_06,melspectrogram,"[0, 4, 8]",2,1,0.018592297476759626,0.03183023872679045,0.015915119363395226,0.015915119363395226,0.026595744680851064,0.11170212765957446
../datasets/candombe/proyecto.1992_lobo_06,melspectrogram,"[0, 6, 16]",2,0,0.2543046357615894,0.2751322751322751,0.18518518518518517,0.25396825396825395,0.18518518518518517,0.25396825396825395
../datasets/candombe/proyecto.1992_lobo_06,melspectrogram,"[0, 6, 16]",2,1,0.18567639257294427,0.1883289124668435,0.07692307692307693,0.17771883289124668,0.07692307692307693,0.17771883289124668
../datasets/candombe/proyecto.1992_lobo_06,melspectrogram,"[0, 8, 16]",2,0,0.1507936507936508,0.158311345646438,0.08970976253298153,0.14775725593667546,0.08970976253298153,0.14775725593667546
../datasets/candombe/proyecto.1992_lobo_06,melspectrogram,"[0, 8, 16]",2,1,0.7841059602649006,0.7883597883597884,0.40476190476190477,0.7804232804232805,0.40476190476190477,0.7804232804232805
../datasets/candombe/csic.1995_ansina2_04,spectrogram,"[0, 4, 8]",2,0,0.8972845336481701,0.9893992932862191,0.08362779740871613,0.9328621908127208,0.08362779740871613,0.9328621908127208
../datasets/candombe/csic.1995_ansina2_04,spectrogram,"[0, 4, 8]",2,1,0.0047430830039525695,0.30859835100117783,0.0,0.0,0.9764150943396226,0.9764150943396226
../datasets/candombe/csic.1995_ansina2_04,spectrogram,"[0, 6, 16]",2,0,0.6603624901497243,0.49469964664310956,0.0,0.0,0.9882352941176471,0.9882352941176471
../datasets/candombe/csic.1995_ansina2_04,spectrogram,"[0, 6, 16]",2,1,0.2834008097165992,0.4287396937573616,0.0,0.0,0.0,0.0
../datasets/candombe/csic.1995_ansina2_04,spectrogram,"[0, 8, 16]",2,0,0.0047430830039525695,0.30859835100117783,0.0,0.0,0.9764150943396226,0.9764150943396226
../datasets/candombe/csic.1995_ansina2_04,spectrogram,"[0, 8, 16]",2,1,0.28841607565011823,0.5465253239104829,0.05889281507656066,0.2779740871613663,0.05889281507656066,0.2779740871613663
../datasets/candombe/csic.1995_ansina2_04,melspectrogram,"[0, 4, 8]",2,0,0.9540636042402827,0.9799764428739693,0.2332155477031802,0.9575971731448764,0.2332155477031802,0.9575971731448764
../datasets/candombe/csic.1995_ansina2_04,melspectrogram,"[0, 4, 8]",2,1,0.6650943396226415,0.49823321554770317,0.0,0.0,0.9952941176470588,0.9952941176470588
../datasets/candombe/csic.1995_ansina2_04,melspectrogram,"[0, 6, 16]",2,0,0.6598586017282011,0.49469964664310956,0.0,0.0,0.9835294117647059,0.9835294117647059
../datasets/candombe/csic.1995_ansina2_04,melspectrogram,"[0, 6, 16]",2,1,0.13317619328226282,0.270906949352179,0.0353356890459364,0.12838633686690223,0.0353356890459364,0.12838633686690223
../datasets/candombe/csic.1995_ansina2_04,melspectrogram,"[0, 8, 16]",2,0,0.6661429693637078,0.4994110718492344,0.0,0.0,0.9976470588235294,0.9976470588235294
../datasets/candombe/csic.1995_ansina2_04,melspectrogram,"[0, 8, 16]",2,1,0.1425206124852768,0.3003533568904594,0.038869257950530034,0.13663133097762073,0.038869257950530034,0.13663133097762073
../datasets/candombe/zavala.muniz.2014_55,spectrogram,"[0, 4, 8]",2,0,0.7576923076923078,0.8833652007648184,0.11281070745697896,0.8049713193116634,0.11281070745697896,0.8049713193116634
../datasets/candombe/zavala.muniz.2014_55,spectrogram,"[0, 4, 8]",2,1,0.23084994753410282,0.2572533849129594,0.005802707930367505,0.11992263056092843,0.02131782945736434,0.16279069767441862
../datasets/candombe/zavala.muniz.2014_55,spectrogram,"[0, 6, 16]",2,0,0.6153846153846155,0.6940726577437859,0.18546845124282982,0.6195028680688337,0.18546845124282982,0.6195028680688337
../datasets/candombe/zavala.muniz.2014_55,spectrogram,"[0, 6, 16]",2,1,0.1743295019157088,0.19924098671726756,0.04554079696394687,0.14990512333965844,0.04554079696394687,0.2713472485768501
../datasets/candombe/zavala.muniz.2014_55,spectrogram,"[0, 8, 16]",2,0,0.2836134453781513,0.3056092843326886,0.04061895551257253,0.16634429400386846,0.04061895551257253,0.16634429400386846
../datasets/candombe/zavala.muniz.2014_55,spectrogram,"[0, 8, 16]",2,1,0.2679802955665025,0.2901353965183752,0.0367504835589942,0.2572533849129594,0.0367504835589942,0.2572533849129594
../datasets/candombe/zavala.muniz.2014_55,melspectrogram,"[0, 4, 8]",2,0,0.9115128449096099,0.900749063670412,0.8408239700374532,0.8764044943820225,0.8408239700374532,0.8764044943820225
../datasets/candombe/zavala.muniz.2014_55,melspectrogram,"[0, 4, 8]",2,1,0.6133333333333334,0.6191369606003753,0.17636022514071295,0.5797373358348968,0.17636022514071295,0.5797373358348968
../datasets/candombe/zavala.muniz.2014_55,melspectrogram,"[0, 6, 16]",2,0,0.8992395437262357,0.8859813084112149,0.525233644859813,0.8616822429906542,0.525233644859813,0.8616822429906542
../datasets/candombe/zavala.muniz.2014_55,melspectrogram,"[0, 6, 16]",2,1,0.5716999050332383,0.5746268656716418,0.15298507462686567,0.5261194029850746,0.15298507462686567,0.5261194029850746
../datasets/candombe/zavala.muniz.2014_55,melspectrogram,"[0, 8, 16]",2,0,0.9011406844106464,0.8859813084112149,0.6598130841121496,0.8616822429906542,0.6598130841121496,0.8616822429906542
../datasets/candombe/zavala.muniz.2014_55,melspectrogram,"[0, 8, 16]",2,1,0.3627730294396961,0.3656716417910448,0.07835820895522388,0.32276119402985076,0.07835820895522388,0.32276119402985076
../datasets/candombe/zavala.muniz.2014_41,spectrogram,"[0, 4, 8]",2,0,0.6067073170731707,0.9237536656891495,0.4340175953079179,0.9178885630498533,0.4340175953079179,0.9178885630498533
../datasets/candombe/zavala.muniz.2014_41,spectrogram,"[0, 4, 8]",2,1,0.593607305936073,0.782991202346041,0.22287390029325513,0.7565982404692082,0.22287390029325513,0.7565982404692082
../datasets/candombe/zavala.muniz.2014_41,spectrogram,"[0, 6, 16]",2,0,0.6575342465753424,0.9120234604105572,0.47214076246334313,0.9032258064516129,0.47214076246334313,0.9032258064516129
../datasets/candombe/zavala.muniz.2014_41,spectrogram,"[0, 6, 16]",2,1,0.5204236006051437,0.5601173020527859,0.08504398826979472,0.530791788856305,0.08504398826979472,0.530791788856305
../datasets/candombe/zavala.muniz.2014_41,spectrogram,"[0, 8, 16]",2,0,0.6301369863013698,0.8563049853372434,0.36363636363636365,0.8387096774193549,0.36363636363636365,0.8387096774193549
../datasets/candombe/zavala.muniz.2014_41,spectrogram,"[0, 8, 16]",2,1,0.4145234493192133,0.44281524926686217,0.06744868035190615,0.41055718475073316,0.06744868035190615,0.41055718475073316
../datasets/candombe/zavala.muniz.2014_41,melspectrogram,"[0, 4, 8]",2,0,0.8842105263157894,0.9501466275659824,0.9501466275659824,0.9501466275659824,0.9501466275659824,0.9501466275659824
../datasets/candombe/zavala.muniz.2014_41,melspectrogram,"[0, 4, 8]",2,1,0.48759124087591244,0.5087209302325582,0.11046511627906977,0.4680232558139535,0.11046511627906977,0.4680232558139535
../datasets/candombe/zavala.muniz.2014_41,melspectrogram,"[0, 6, 16]",2,0,0.9005847953216374,0.9766763848396501,0.4752186588921283,0.967930029154519,0.4752186588921283,0.967930029154519
../datasets/candombe/zavala.muniz.2014_41,melspectrogram,"[0, 6, 16]",2,1,0.5930232558139535,0.5936599423631124,0.15273775216138327,0.5734870317002881,0.15273775216138327,0.5734870317002881
../datasets/candombe/zavala.muniz.2014_41,melspectrogram,"[0, 8, 16]",2,0,0.8023598820058997,0.8387096774193549,0.45161290322580644,0.8181818181818182,0.45161290322580644,0.8181818181818182
../datasets/candombe/zavala.muniz.2014_41,melspectrogram,"[0, 8, 16]",2,1,0.434654919236417,0.436950146627566,0.1436950146627566,0.4222873900293255,0.1436950146627566,0.4222873900293255
../datasets/candombe/zavala.muniz.2014_54,spectrogram,"[0, 4, 8]",2,0,0.7555555555555556,0.9326599326599326,0.17845117845117844,0.8821548821548821,0.17845117845117844,0.8821548821548821
../datasets/candombe/zavala.muniz.2014_54,spectrogram,"[0, 4, 8]",2,1,0.3602693602693603,0.5084175084175084,0.05387205387205387,0.3872053872053872,0.05387205387205387,0.3872053872053872
../datasets/candombe/zavala.muniz.2014_54,spectrogram,"[0, 6, 16]",2,0,0.6768707482993197,0.8451178451178452,0.13804713804713806,0.7676767676767676,0.13804713804713806,0.7676767676767676
../datasets/candombe/zavala.muniz.2014_54,spectrogram,"[0, 6, 16]",2,1,0.2440677966101695,0.2558922558922559,0.04713804713804714,0.21212121212121213,0.04713804713804714,0.24324324324324326
../datasets/candombe/zavala.muniz.2014_54,spectrogram,"[0, 8, 16]",2,0,0.4358108108108108,0.5959595959595959,0.05387205387205387,0.4713804713804714,0.05387205387205387,0.4713804713804714
../datasets/candombe/zavala.muniz.2014_54,spectrogram,"[0, 8, 16]",2,1,0.3559322033898305,0.36363636363636365,0.08754208754208755,0.32996632996632996,0.08754208754208755,0.32996632996632996
../datasets/candombe/zavala.muniz.2014_54,melspectrogram,"[0, 4, 8]",2,0,0.948073701842546,0.96,0.8166666666666667,0.95,0.8166666666666667,0.95
../datasets/candombe/zavala.muniz.2014_54,melspectrogram,"[0, 4, 8]",2,1,0.545757071547421,0.5526315789473685,0.11842105263157894,0.5296052631578947,0.11842105263157894,0.5296052631578947
../datasets/candombe/zavala.muniz.2014_54,melspectrogram,"[0, 6, 16]",2,0,0.9547738693467336,0.96,0.9466666666666667,0.95,0.9466666666666667,0.95
../datasets/candombe/zavala.muniz.2014_54,melspectrogram,"[0, 6, 16]",2,1,0.41402337228714525,0.4139072847682119,0.23178807947019867,0.38741721854304634,0.23178807947019867,0.38741721854304634
../datasets/candombe/zavala.muniz.2014_54,melspectrogram,"[0, 8, 16]",2,0,0.9181969949916527,0.9105960264900662,0.8013245033112583,0.9006622516556292,0.8013245033112583,0.9006622516556292
../datasets/candombe/zavala.muniz.2014_54,melspectrogram,"[0, 8, 16]",2,1,0.4448160535117058,0.44518272425249167,0.2292358803986711,0.4186046511627907,0.2292358803986711,0.4186046511627907
../datasets/candombe/zavala.muniz.2014_47,spectrogram,"[0, 4, 8]",2,0,0.8731241473396998,0.875,0.34782608695652173,0.8315217391304348,0.34782608695652173,0.8315217391304348
../datasets/candombe/zavala.muniz.2014_47,spectrogram,"[0, 4, 8]",2,1,0.6078697421981005,0.6397849462365591,0.07795698924731183,0.5456989247311828,0.07795698924731183,0.5456989247311828
../datasets/candombe/zavala.muniz.2014_47,spectrogram,"[0, 6, 16]",2,0,0.8163265306122449,0.8216216216216217,0.31351351351351353,0.7648648648648648,0.31351351351351353,0.7648648648648648
../datasets/candombe/zavala.muniz.2014_47,spectrogram,"[0, 6, 16]",2,1,0.20624151967435553,0.23655913978494625,0.053763440860215055,0.1532258064516129,0.053763440860215055,0.1532258064516129
../datasets/candombe/zavala.muniz.2014_47,spectrogram,"[0, 8, 16]",2,0,0.6512890094979648,0.6774193548387096,0.08333333333333333,0.5860215053763441,0.08333333333333333,0.5860215053763441
../datasets/candombe/zavala.muniz.2014_47,spectrogram,"[0, 8, 16]",2,1,0.1709633649932157,0.21236559139784947,0.053763440860215055,0.11559139784946236,0.053763440860215055,0.11559139784946236
../datasets/candombe/zavala.muniz.2014_47,melspectrogram,"[0, 4, 8]",2,0,0.856,0.8363636363636363,0.45454545454545453,0.7766233766233767,0.45454545454545453,0.7766233766233767
../datasets/candombe/zavala.muniz.2014_47,melspectrogram,"[0, 4, 8]",2,1,0.3740053050397878,0.38303341902313626,0.056555269922879174,0.3110539845758355,0.056555269922879174,0.3110539845758355
../datasets/candombe/zavala.muniz.2014_47,melspectrogram,"[0, 6, 16]",2,0,0.8180610889774236,0.7963917525773195,0.29381443298969073,0.7371134020618557,0.29381443298969073,0.7371134020618557
../datasets/candombe/zavala.muniz.2014_47,melspectrogram,"[0, 6, 16]",2,1,0.5205843293492696,0.5231958762886598,0.20103092783505155,0.4329896907216495,0.20103092783505155,0.4329896907216495
../datasets/candombe/zavala.muniz.2014_47,melspectrogram,"[0, 8, 16]",2,0,0.8154050464807436,0.7963917525773195,0.2912371134020619,0.7319587628865979,0.2912371134020619,0.7319587628865979
../datasets/candombe/zavala.muniz.2014_47,melspectrogram,"[0, 8, 16]",2,1,0.48533333333333334,0.4857142857142857,0.2025974025974026,0.412987012987013,0.2025974025974026,0.412987012987013
../datasets/candombe/zavala.muniz.2014_42,spectrogram,"[0, 4, 8]",2,0,0.423963133640553,0.8724035608308606,0.07418397626112759,0.7240356083086054,0.07418397626112759,0.7240356083086054
../datasets/candombe/zavala.muniz.2014_42,spectrogram,"[0, 4, 8]",2,1,0.46788990825688076,0.655786350148368,0.09792284866468842,0.5489614243323442,0.09792284866468842,0.5489614243323442
../datasets/candombe/zavala.muniz.2014_42,spectrogram,"[0, 6, 16]",2,0,0.5161290322580645,0.8219584569732937,0.09495548961424333,0.7270029673590505,0.09495548961424333,0.7270029673590505
../datasets/candombe/zavala.muniz.2014_42,spectrogram,"[0, 6, 16]",2,1,0.15217391304347824,0.18991097922848665,0.04747774480712166,0.13649851632047477,0.05654761904761905,0.49702380952380953
../datasets/candombe/zavala.muniz.2014_42,spectrogram,"[0, 8, 16]",2,0,0.5197568389057751,0.7626112759643917,0.10682492581602374,0.6795252225519288,0.10682492581602374,0.6795252225519288
../datasets/candombe/zavala.muniz.2014_42,spectrogram,"[0, 8, 16]",2,1,0.15950920245398775,0.18397626112759644,0.04747774480712166,0.13649851632047477,0.05654761904761905,0.49404761904761907
../datasets/candombe/zavala.muniz.2014_42,melspectrogram,"[0, 4, 8]",2,0,0.741839762611276,0.913946587537092,0.2166172106824926,0.8664688427299704,0.2166172106824926,0.8664688427299704
../datasets/candombe/zavala.muniz.2014_42,melspectrogram,"[0, 4, 8]",2,1,0.24242424242424243,0.36235955056179775,0.0898876404494382,0.199438202247191,0.0898876404494382,0.22752808988764045
../datasets/candombe/zavala.muniz.2014_42,melspectrogram,"[0, 6, 16]",2,0,0.7349926793557834,0.8439306358381503,0.21098265895953758,0.7832369942196532,0.21098265895953758,0.7832369942196532
../datasets/candombe/zavala.muniz.2014_42,melspectrogram,"[0, 6, 16]",2,1,0.22641509433962267,0.23011363636363635,0.07670454545454546,0.17613636363636365,0.07670454545454546,0.19886363636363635
../datasets/candombe/zavala.muniz.2014_42,melspectrogram,"[0, 8, 16]",2,0,0.7481804949053859,0.8342857142857143,0.32857142857142857,0.7714285714285715,0.32857142857142857,0.7714285714285715
../datasets/candombe/zavala.muniz.2014_42,melspectrogram,"[0, 8, 16]",2,1,0.10771470160116449,0.10857142857142857,0.045714285714285714,0.06,0.045714285714285714,0.25142857142857145
../datasets/candombe/csic.1995_ansina1_02,spectrogram,"[0, 4, 8]",2,0,0.9038461538461539,0.9713831478537361,0.3338632750397456,0.9395866454689984,0.3338632750397456,0.9395866454689984
../datasets/candombe/csic.1995_ansina1_02,spectrogram,"[0, 4, 8]",2,1,0.5353697749196142,0.6597774244833068,0.07472178060413355,0.5135135135135135,0.07472178060413355,0.5135135135135135
../datasets/candombe/csic.1995_ansina1_02,spectrogram,"[0, 6, 16]",2,0,0.9439102564102564,0.9713831478537361,0.4483306836248013,0.9570747217806042,0.4483306836248013,0.9570747217806042
../datasets/candombe/csic.1995_ansina1_02,spectrogram,"[0, 6, 16]",2,1,0.5815261044176707,0.6343402225755167,0.05405405405405406,0.56120826709062,0.05405405405405406,0.56120826709062
../datasets/candombe/csic.1995_ansina1_02,spectrogram,"[0, 8, 16]",2,0,0.7987117552334942,0.8282988871224165,0.13672496025437203,0.7758346581875993,0.13672496025437203,0.7758346581875993
../datasets/candombe/csic.1995_ansina1_02,spectrogram,"[0, 8, 16]",2,1,0.6677341873498799,0.6788553259141494,0.058823529411764705,0.6486486486486487,0.058823529411764705,0.6486486486486487
../datasets/candombe/csic.1995_ansina1_02,melspectrogram,"[0, 4, 8]",2,0,0.9761526232114467,0.985691573926868,0.9841017488076311,0.9841017488076311,0.9841017488076311,0.9841017488076311
../datasets/candombe/csic.1995_ansina1_02,melspectrogram,"[0, 4, 8]",2,1,0.36754176610978523,0.3942766295707472,0.13195548489666137,0.35930047694753575,0.13195548489666137,0.35930047694753575
../datasets/candombe/csic.1995_ansina1_02,melspectrogram,"[0, 6, 16]",2,0,0.9793322734499205,0.9841017488076311,0.9825119236883942,0.9825119236883942,0.9825119236883942,0.9825119236883942
../datasets/candombe/csic.1995_ansina1_02,melspectrogram,"[0, 6, 16]",2,1,0.9220985691573926,0.9236883942766295,0.604133545310016,0.918918918918919,0.604133545310016,0.918918918918919
../datasets/candombe/csic.1995_ansina1_02,melspectrogram,"[0, 8, 16]",2,0,0.9761526232114467,0.9809220985691574,0.9793322734499205,0.9793322734499205,0.9793322734499205,0.9793322734499205
../datasets/candombe/csic.1995_ansina1_02,melspectrogram,"[0, 8, 16]",2,1,0.9030206677265501,0.904610492845787,0.314785373608903,0.8982511923688394,0.314785373608903,0.8982511923688394
../datasets/candombe/zavala.muniz.2014_45,spectrogram,"[0, 4, 8]",2,0,0.6021798365122617,0.8981233243967829,0.13672922252010725,0.7828418230563002,0.13672922252010725,0.7828418230563002
../datasets/candombe/zavala.muniz.2014_45,spectrogram,"[0, 4, 8]",2,1,0.29955947136563876,0.4101876675603217,0.010723860589812333,0.21447721179624665,0.010723860589812333,0.21447721179624665
../datasets/candombe/zavala.muniz.2014_45,spectrogram,"[0, 6, 16]",2,0,0.7302452316076294,0.938337801608579,0.30294906166219837,0.8739946380697051,0.30294906166219837,0.8739946380697051
../datasets/candombe/zavala.muniz.2014_45,spectrogram,"[0, 6, 16]",2,1,0.12789115646258503,0.13941018766756033,0.04825737265415549,0.1260053619302949,0.04825737265415549,0.25268817204301075
../datasets/candombe/zavala.muniz.2014_45,spectrogram,"[0, 8, 16]",2,0,0.6830601092896175,0.8445040214477212,0.16085790884718498,0.7801608579088471,0.16085790884718498,0.7801608579088471
../datasets/candombe/zavala.muniz.2014_45,spectrogram,"[0, 8, 16]",2,1,0.1251700680272109,0.13404825737265416,0.05630026809651475,0.11528150134048257,0.05630026809651475,0.23118279569892472
../datasets/candombe/zavala.muniz.2014_45,melspectrogram,"[0, 4, 8]",2,0,0.8586810228802153,0.967828418230563,0.3297587131367292,0.9195710455764075,0.3297587131367292,0.9195710455764075
../datasets/candombe/zavala.muniz.2014_45,melspectrogram,"[0, 4, 8]",2,1,0.8326639892904953,0.8663101604278075,0.23796791443850268,0.8422459893048129,0.23796791443850268,0.8422459893048129
../datasets/candombe/zavala.muniz.2014_45,melspectrogram,"[0, 6, 16]",2,0,0.8793565683646113,0.9758713136729222,0.2520107238605898,0.9410187667560321,0.2520107238605898,0.9410187667560321
../datasets/candombe/zavala.muniz.2014_45,melspectrogram,"[0, 6, 16]",2,1,0.49666221628838453,0.5106382978723404,0.08776595744680851,0.48936170212765956,0.08776595744680851,0.48936170212765956
../datasets/candombe/zavala.muniz.2014_45,melspectrogram,"[0, 8, 16]",2,0,0.9088471849865952,0.9731903485254692,0.3378016085790885,0.9544235924932976,0.3378016085790885,0.9544235924932976
../datasets/candombe/zavala.muniz.2014_45,melspectrogram,"[0, 8, 16]",2,1,0.19225634178905207,0.19946808510638298,0.06382978723404255,0.17819148936170212,0.06382978723404255,0.17819148936170212
../datasets/candombe/csic.1995_cuareim_01,spectrogram,"[0, 4, 8]",2,0,0.9565217391304347,0.9563046192259675,0.2009987515605493,0.9500624219725343,0.2009987515605493,0.9500624219725343
../datasets/candombe/csic.1995_cuareim_01,spectrogram,"[0, 4, 8]",2,1,0.2934472934472935,0.35580524344569286,0.003745318352059925,0.0299625468164794,0.003745318352059925,0.0299625468164794
../datasets/candombe/csic.1995_cuareim_01,spectrogram,"[0, 6, 16]",2,0,0.9710327455919395,0.9662921348314607,0.4307116104868914,0.9612983770287141,0.4307116104868914,0.9612983770287141
../datasets/candombe/csic.1995_cuareim_01,spectrogram,"[0, 6, 16]",2,1,0.8926767676767676,0.8951310861423221,0.4207240948813982,0.8751560549313359,0.4207240948813982,0.8751560549313359
../datasets/candombe/csic.1995_cuareim_01,spectrogram,"[0, 8, 16]",2,0,0.9653870358716173,0.9588014981273408,0.4107365792759051,0.9525593008739076,0.4107365792759051,0.9525593008739076
../datasets/candombe/csic.1995_cuareim_01,spectrogram,"[0, 8, 16]",2,1,0.9368686868686869,0.9363295880149812,0.4207240948813982,0.9213483146067416,0.4207240948813982,0.9213483146067416
../datasets/candombe/csic.1995_cuareim_01,melspectrogram,"[0, 4, 8]",2,0,0.9435382685069008,0.9450686641697877,0.35081148564294634,0.9338327091136079,0.35081148564294634,0.9338327091136079
../datasets/candombe/csic.1995_cuareim_01,melspectrogram,"[0, 4, 8]",2,1,0.10182275298554368,0.11735330836454431,0.0599250936329588,0.09488139825218476,0.44,0.61375
../datasets/candombe/csic.1995_cuareim_01,melspectrogram,"[0, 6, 16]",2,0,0.7311557788944723,0.7553058676654182,0.22347066167290885,0.7166042446941323,0.22347066167290885,0.7166042446941323
../datasets/candombe/csic.1995_cuareim_01,melspectrogram,"[0, 6, 16]",2,1,0.729559748427673,0.731585518102372,0.46941323345817726,0.7103620474406991,0.46941323345817726,0.7103620474406991
../datasets/candombe/csic.1995_cuareim_01,melspectrogram,"[0, 8, 16]",2,0,0.7160804020100503,0.7390761548064919,0.4307116104868914,0.704119850187266,0.4307116104868914,0.704119850187266
../datasets/candombe/csic.1995_cuareim_01,melspectrogram,"[0, 8, 16]",2,1,0.7751256281407036,0.7852684144818977,0.30586766541822724,0.7578027465667915,0.30586766541822724,0.7578027465667915
../datasets/candombe/zavala.muniz.2014_52,spectrogram,"[0, 4, 8]",2,0,0.7806788511749347,0.926208651399491,0.14249363867684478,0.8575063613231552,0.14249363867684478,0.8575063613231552
../datasets/candombe/zavala.muniz.2014_52,spectrogram,"[0, 4, 8]",2,1,0.5923984272608125,0.6539440203562341,0.09414758269720101,0.5954198473282443,0.09414758269720101,0.5954198473282443
../datasets/candombe/zavala.muniz.2014_52,spectrogram,"[0, 6, 16]",2,0,0.85006518904824,0.9287531806615776,0.25190839694656486,0.8956743002544529,0.25190839694656486,0.8956743002544529
../datasets/candombe/zavala.muniz.2014_52,spectrogram,"[0, 6, 16]",2,1,0.28235294117647064,0.2824427480916031,0.06615776081424936,0.2595419847328244,0.06615776081424936,0.2595419847328244
../datasets/candombe/zavala.muniz.2014_52,spectrogram,"[0, 8, 16]",2,0,0.7267973856209151,0.806615776081425,0.09414758269720101,0.7608142493638677,0.09414758269720101,0.7608142493638677
../datasets/candombe/zavala.muniz.2014_52,spectrogram,"[0, 8, 16]",2,1,0.3006535947712418,0.30025445292620867,0.06615776081424936,0.27735368956743,0.06615776081424936,0.27735368956743
../datasets/candombe/zavala.muniz.2014_52,melspectrogram,"[0, 4, 8]",2,0,0.9125964010282775,0.9567430025445293,0.2544529262086514,0.9338422391857506,0.2544529262086514,0.9338422391857506
../datasets/candombe/zavala.muniz.2014_52,melspectrogram,"[0, 4, 8]",2,1,0.8137755102040817,0.8295165394402035,0.20865139949109415,0.8142493638676844,0.20865139949109415,0.8142493638676844
../datasets/candombe/zavala.muniz.2014_52,melspectrogram,"[0, 6, 16]",2,0,0.929757343550447,0.9669211195928753,0.5089058524173028,0.9516539440203562,0.5089058524173028,0.9516539440203562
../datasets/candombe/zavala.muniz.2014_52,melspectrogram,"[0, 6, 16]",2,1,0.5903307888040712,0.5954198473282443,0.11704834605597965,0.5826972010178118,0.11704834605597965,0.5826972010178118
../datasets/candombe/zavala.muniz.2014_52,melspectrogram,"[0, 8, 16]",2,0,0.929757343550447,0.9541984732824428,0.4198473282442748,0.9363867684478372,0.4198473282442748,0.9363867684478372
../datasets/candombe/zavala.muniz.2014_52,melspectrogram,"[0, 8, 16]",2,1,0.35368956743002544,0.35877862595419846,0.0737913486005089,0.33587786259541985,0.0737913486005089,0.33587786259541985
../datasets/candombe/proyecto.1992_magarinos_02,spectrogram,"[0, 4, 8]",2,0,0.9634340222575517,0.9841068022886205,0.1926255562619199,0.9707565162110616,0.1926255562619199,0.9707565162110616
../datasets/candombe/proyecto.1992_magarinos_02,spectrogram,"[0, 4, 8]",2,1,0.28715003589375454,0.41830896376350923,0.0050858232676414495,0.04259376986649714,0.0050858232676414495,0.04259376986649714
../datasets/candombe/proyecto.1992_magarinos_02,spectrogram,"[0, 6, 16]",2,0,0.9546175817200889,0.967680608365019,0.40811153358681873,0.9562737642585551,0.40811153358681873,0.9562737642585551
../datasets/candombe/proyecto.1992_magarinos_02,spectrogram,"[0, 6, 16]",2,1,0.33868092691622104,0.44373808010171645,0.04195804195804196,0.11061665607120152,0.04195804195804196,0.11061665607120152
../datasets/candombe/proyecto.1992_magarinos_02,spectrogram,"[0, 8, 16]",2,0,0.3000717875089735,0.43038779402415767,0.008900190718372537,0.0540368722186904,0.008900190718372537,0.0540368722186904
../datasets/candombe/proyecto.1992_magarinos_02,spectrogram,"[0, 8, 16]",2,1,0.33215796897038086,0.4253019707565162,0.050222504767959315,0.1277813095994914,0.050222504767959315,0.1277813095994914
../datasets/candombe/proyecto.1992_magarinos_02,melspectrogram,"[0, 4, 8]",2,0,0.970886075949367,0.9697542533081286,0.6546943919344675,0.9596723377441714,0.6546943919344675,0.9596723377441714
../datasets/candombe/proyecto.1992_magarinos_02,melspectrogram,"[0, 4, 8]",2,1,0.2698639942734431,0.3204068658614113,0.0012714558169103624,0.01652892561983471,0.01653944020356234,0.05025445292620865
../datasets/candombe/proyecto.1992_magarinos_02,melspectrogram,"[0, 6, 16]",2,0,0.9453396524486573,0.9422110552763819,0.2305276381909548,0.9258793969849246,0.2305276381909548,0.9258793969849246
../datasets/candombe/proyecto.1992_magarinos_02,melspectrogram,"[0, 6, 16]",2,1,0.45787660507359845,0.4685185185185185,0.06296296296296296,0.4228395061728395,0.06296296296296296,0.4228395061728395
../datasets/candombe/proyecto.1992_magarinos_02,melspectrogram,"[0, 8, 16]",2,0,0.8948531733501737,0.9021329987452948,0.19510664993726473,0.8707653701380176,0.19510664993726473,0.8707653701380176
../datasets/candombe/proyecto.1992_magarinos_02,melspectrogram,"[0, 8, 16]",2,1,0.322438717787555,0.3300186451211933,0.024238657551274082,0.2921068986948415,0.024238657551274082,0.2921068986948415
